,train_losses,test_losses
0,0.9645715510509598,0.8198516244626106
1,0.7736221555899292,0.7544910448896306
